{
  "project_info": {
    "project_number": "400659587054",
    "firebase_url": "https://flyweb-2020.firebaseio.com",
    "project_id": "flyweb-2020",
    "storage_bucket": "flyweb-2020.appspot.com"
  },
  "client": [
    {
      "client_info": {
        "mobilesdk_app_id": "1:400659587054:android:a987afd697667593a6f8ff",
        "android_client_info": {
          "package_name": "com.pineal"
        }
      },
      "oauth_client": [
        {
          "client_id": "400659587054-4h3qtrlujbln4kf1s9g9ej2819ds8lrn.apps.googleusercontent.com",
          "client_type": 1,
          "android_info": {
            "package_name": "com.pineal",
            "certificate_hash": "b616626eafe2140913cd3528834a0ade308008ad"
          }
        },
        {
          "client_id": "400659587054-qbbdkr64m9mi13jl2tq73665aa2csoe1.apps.googleusercontent.com",
          "client_type": 3
        }
      ],
      "api_key": [
        {
          "current_key": "AIzaSyDNKy8damDiZfaqCL6uZLBh0UmgluSDHC0"
        }
      ],
      "services": {
        "appinvite_service": {
          "other_platform_oauth_client": [
            {
              "client_id": "400659587054-qbbdkr64m9mi13jl2tq73665aa2csoe1.apps.googleusercontent.com",
              "client_type": 3
            },
            {
              "client_id": "400659587054-a0ifoa4buoj0ugo1tcd56fe3h38jv6ao.apps.googleusercontent.com",
              "client_type": 2,
              "ios_info": {
                "bundle_id": "com.pineal"
              }
            }
          ]
        }
      }
    }
  ],
  "configuration_version": "1"
}